baseMean,log2FC,log2FC_shrunken,lfcSE_shrunken,stat,pvalue,padj,Geneid,SYMBOL_display,contrast
40.863310963973,-4.89651861806798,-4.3393490323409e-06,0.00144269759305267,-4.58021834360157,4.64490757672528e-06,0.00648386871278333,gene-HOXA10-AS,HOXA10-AS,anterior.sacral_vs_posterior.sacral_by_ENS
362.723722634889,0.0221975016201366,1.56738021803249e-07,0.00144268541832043,0.0562314395552823,0.955157435634518,0.998485053938601,gene-HOXA1,HOXA1,anterior.sacral_vs_posterior.sacral_by_ENS
607.148431517776,0.400781733319988,3.66011310467337e-06,0.00144268437881705,1.18953245018511,0.234230209417055,0.97784114664184,gene-HOXA2,HOXA2,anterior.sacral_vs_posterior.sacral_by_ENS
1070.31154800203,0.424409088738794,1.79823779594045e-05,0.00144269073997088,2.71654096347218,0.00659680312056577,0.735981079036244,gene-HOXA3,HOXA3,anterior.sacral_vs_posterior.sacral_by_ENS
692.821447309334,0.0761506369285269,1.77319309350255e-06,0.00144266217045538,0.35943252066617,0.719271549974819,0.987178331690674,gene-HOXA4,HOXA4,anterior.sacral_vs_posterior.sacral_by_ENS
477.787551559964,0.223964504909627,2.48144547361107e-06,0.00144268025075625,0.729603116453947,0.46563281672255,0.979777408837473,gene-HOXA5,HOXA5,anterior.sacral_vs_posterior.sacral_by_ENS
177.625629561381,0.241734538445041,4.36935133287988e-06,0.00144267240138053,1.0060590684691,0.31438715673829,0.97784114664184,gene-HOXA6,HOXA6,anterior.sacral_vs_posterior.sacral_by_ENS
1224.72326165623,0.97826043115934,0.699597184041113,0.406810073843473,3.12597159869182,0.00177218666191463,0.470984724394213,gene-HOXA7,HOXA7,anterior.sacral_vs_posterior.sacral_by_ENS
2508.12319209078,0.153753202305179,2.76673888110279e-06,0.00144267057011493,0.63814466984502,0.523379510743401,0.983881134996415,gene-HOXA9,HOXA9,anterior.sacral_vs_posterior.sacral_by_ENS
996.804027058147,-0.597641964053832,-1.18882704784026e-05,0.00144269154954838,-2.6312671677789,0.00850671333400821,0.788352834882664,gene-HOXA10,HOXA10,anterior.sacral_vs_posterior.sacral_by_ENS
925.34439619809,-6.65544261844396,-2.89024687561464e-06,0.00144269642103593,-6.3584412785993,2.03811268100508e-10,3.1295220216833e-06,gene-HOXA11,HOXA11,anterior.sacral_vs_posterior.sacral_by_ENS
86.9214425475908,-5.99614231924356,-1.96324668380703e-06,0.00144269542593021,-3.62859794736288,0.000284964633580993,0.156272569594148,gene-HOXA13,HOXA13,anterior.sacral_vs_posterior.sacral_by_ENS
1369.92549897436,0.281331767864196,9.80037724709692e-06,0.00144266177665444,1.62922423106046,0.103265559173393,0.97784114664184,gene-HOXD3,HOXD3,anterior.sacral_vs_posterior.sacral_by_ENS
19.5337668097453,-0.223873184185639,-6.38260361810985e-07,0.00144269096809176,-0.373634696459711,0.708676116469817,0.987178331690674,gene-HOXD4,HOXD4,anterior.sacral_vs_posterior.sacral_by_ENS
1102.28261197613,-0.0516210312777955,-6.09747950890154e-07,0.00144267776426067,-0.175497398301589,0.860688814911508,0.997296140494978,gene-HOXD8,HOXD8,anterior.sacral_vs_posterior.sacral_by_ENS
574.493468058763,0.00746847851933794,1.52704850739307e-07,0.00144266778777494,0.0318345091485278,0.974604026254312,0.999300404884802,gene-HOXD9,HOXD9,anterior.sacral_vs_posterior.sacral_by_ENS
953.893655196875,-3.06209818631237,-5.763755805973e-06,0.00144269937599043,-4.77215395851203,1.82266088976058e-06,0.00310966199580819,gene-HOXD10,HOXD10,anterior.sacral_vs_posterior.sacral_by_ENS
577.889532313097,-7.64860727578492,-1.4711185440444e-06,0.00144269539135798,-5.02094142779331,5.14188385141377e-07,0.0011296182539278,gene-HOXD11,HOXD11,anterior.sacral_vs_posterior.sacral_by_ENS
207.049113003821,-7.59935184015606,-1.47608901293497e-06,0.00144269536154152,-4.14662546105465,3.37411328269359e-05,0.0287830608087556,gene-HOXD12,HOXD12,anterior.sacral_vs_posterior.sacral_by_ENS
116.993008706937,-5.07007414102571,-1.42849907184734e-06,0.00144269526798337,-3.30236146672433,0.000958744331273179,0.359061444065846,gene-HOXD13,HOXD13,anterior.sacral_vs_posterior.sacral_by_ENS
362.819017992474,0.708154309913426,8.44819233395116e-06,0.00144269084637358,2.4134704500722,0.0158014091332908,0.938081536235932,gene-HOXB8,HOXB8,anterior.sacral_vs_posterior.sacral_by_ENS
35.1055152453252,0.360174363702634,1.16354265364004e-06,0.00144269062310738,0.638268367611925,0.523298999560449,0.983881134996415,gene-HOXB7,HOXB7,anterior.sacral_vs_posterior.sacral_by_ENS
2524.91405008108,0.248325018379212,6.52223901645719e-06,0.00144266285419069,1.26735869068163,0.205027063509419,0.97784114664184,gene-HOXB6,HOXB6,anterior.sacral_vs_posterior.sacral_by_ENS
1722.78738740599,0.0813907041561864,2.61448927558503e-06,0.00144265008837229,0.451401125343451,0.651700472407299,0.987178331690674,gene-HOXB5,HOXB5,anterior.sacral_vs_posterior.sacral_by_ENS
1635.08646076836,0.482919925783772,1.20337226276493e-05,0.00144268257835003,2.44008984009111,0.0146836097083524,0.917438414592882,gene-HOXB3,HOXB3,anterior.sacral_vs_posterior.sacral_by_ENS
976.827460535372,0.0317588685099469,7.18629630894774e-07,0.00144266304656118,0.146835989916216,0.88326147671593,0.99764422051338,gene-HOXB4,HOXB4,anterior.sacral_vs_posterior.sacral_by_ENS
131.877943640423,0.62273574310381,4.63699681179342e-06,0.0014426882960839,1.67655385331721,0.0936297570179284,0.97784114664184,gene-HOXB2,HOXB2,anterior.sacral_vs_posterior.sacral_by_ENS
370.051832921262,-0.233350953987775,-1.57415699047312e-06,0.00144268572290347,-0.59631389597873,0.550965549615198,0.98521991200125,gene-HOXB1,HOXB1,anterior.sacral_vs_posterior.sacral_by_ENS
399.058790000999,0.933075719445277,6.15271634589703e-06,0.00144269269282563,2.38400067118567,0.0171255711359701,0.949375391494693,gene-HOXC8,HOXC8,anterior.sacral_vs_posterior.sacral_by_ENS
649.333898790001,0.796204033661984,4.50267558626388e-06,0.00144269079858833,1.87561257610202,0.0607084982573543,0.97784114664184,gene-HOXC9,HOXC9,anterior.sacral_vs_posterior.sacral_by_ENS
2533.51764592367,-1.30332242211619,-1.17207220874627,0.293313683203182,-4.71800764666236,2.38165544621721e-06,0.00365703193766652,gene-HOXC10,HOXC10,anterior.sacral_vs_posterior.sacral_by_ENS
400.465171960407,-6.82172089415759,-6.30799591718201,1.31801527176313,-5.43564268584139,5.45992722404403e-08,0.00020959295631299,gene-HOXC11,HOXC11,anterior.sacral_vs_posterior.sacral_by_ENS
427.900804653701,-3.83247695718709,-8.56906649330003e-07,0.00144269498412915,-1.94603232608338,0.051650856667592,0.97784114664184,gene-HOXC12,HOXC12,anterior.sacral_vs_posterior.sacral_by_ENS
122.203449222597,-1.93983104212109,-3.35495807739162e-07,0.0014426949504457,-0.711671781900851,0.476668045341526,0.979833417792751,gene-HOXC13,HOXC13,anterior.sacral_vs_posterior.sacral_by_ENS
171.755041573494,-0.294405081685213,-3.83114255582369e-06,0.00144267874357037,-1.04519310793741,0.295933728169116,0.97784114664184,gene-GDF11,GDF11,anterior.sacral_vs_posterior.sacral_by_ENS
35.1234176212237,0.382221652696463,1.56799447696478e-06,0.00144268960839561,0.756937412401672,0.449087359984231,0.97784114664184,gene-HOXA1,HOXA1,anterior.sacral_vs_posterior.sacral_by_ENS
2709.25179792689,-0.123680542268134,-1.1885878471425e-06,0.00144268130536703,-0.377606785016147,0.705722723545186,0.987178331690674,gene-HOXA2,HOXA2,anterior.sacral_vs_posterior.sacral_by_ENS
12.9080343561027,-0.707331366897404,-4.85502920639225e-07,0.00144269396556185,-0.618917466911393,0.53597073108507,0.984729550724968,gene-HOXA3,HOXA3,anterior.sacral_vs_posterior.sacral_by_ENS
1265.5012317118,0.0886774047181046,2.01601797666032e-06,0.00144266317139664,0.413107987903725,0.679527497268103,0.987178331690674,gene-HOXA4,HOXA4,anterior.sacral_vs_posterior.sacral_by_ENS
365.580991051659,-0.174715357986389,-1.00546084394483e-06,0.00144268685342465,-0.412669378103021,0.679848863148897,0.987178331690674,gene-HOXA5,HOXA5,anterior.sacral_vs_posterior.sacral_by_ENS
8.04734281924914,-1.22782358229422,-9.86630442460506e-07,0.00144269411408485,-1.0825682337576,0.27900011357336,0.97784114664184,gene-HOXA6,HOXA6,anterior.sacral_vs_posterior.sacral_by_ENS
134.780579947467,-0.0252051571392356,-1.68586494844652e-07,0.00144268491523745,-0.06532734423392,0.947913371289878,0.998485053938601,gene-HOXA7,HOXA7,anterior.sacral_vs_posterior.sacral_by_ENS
14.4903127333858,0.0601170691454659,1.46754799207925e-07,0.0014426916331654,0.0903677101709929,0.927995015230661,0.99764422051338,gene-HOXA9,HOXA9,anterior.sacral_vs_posterior.sacral_by_ENS
1382.47516015338,-0.372310255768766,-6.738669619865e-06,0.0014426770255946,-1.5576166220215,0.119324156002426,0.97784114664184,gene-HOXA10,HOXA10,anterior.sacral_vs_posterior.sacral_by_ENS
629.280454442749,-0.065064669846088,-9.9682895753928e-07,0.00144267290737388,-0.250677955533074,0.802063105523758,0.994205168504269,gene-HOXA11,HOXA11,anterior.sacral_vs_posterior.sacral_by_ENS
17.4938199394209,-0.470480376566252,-8.24528526699036e-07,0.00144269263967453,-0.617956072488113,0.536604295299613,0.984729550724968,gene-HOXA13,HOXA13,anterior.sacral_vs_posterior.sacral_by_ENS
595.617985438692,-0.219115323854745,-3.30603300925396e-06,0.00144267517591672,-0.836820952568919,0.402693218106242,0.97784114664184,gene-HOXA10-AS,HOXA10-AS,anterior.sacral_vs_posterior.sacral_by_SYMBOL
362.723722634889,0.0221975016201366,1.56738021803249e-07,0.00144268541832043,0.0562314395552823,0.955157435634518,0.998485053938601,gene-HOXA1,HOXA1,anterior.sacral_vs_posterior.sacral_by_SYMBOL
607.148431517776,0.400781733319988,3.66011310467337e-06,0.00144268437881705,1.18953245018511,0.234230209417055,0.97784114664184,gene-HOXA2,HOXA2,anterior.sacral_vs_posterior.sacral_by_SYMBOL
1070.31154800203,0.424409088738794,1.79823779594045e-05,0.00144269073997088,2.71654096347218,0.00659680312056577,0.735981079036244,gene-HOXA3,HOXA3,anterior.sacral_vs_posterior.sacral_by_SYMBOL
692.821447309334,0.0761506369285269,1.77319309350255e-06,0.00144266217045538,0.35943252066617,0.719271549974819,0.987178331690674,gene-HOXA4,HOXA4,anterior.sacral_vs_posterior.sacral_by_SYMBOL
477.787551559964,0.223964504909627,2.48144547361107e-06,0.00144268025075625,0.729603116453947,0.46563281672255,0.979777408837473,gene-HOXA5,HOXA5,anterior.sacral_vs_posterior.sacral_by_SYMBOL
177.625629561381,0.241734538445041,4.36935133287988e-06,0.00144267240138053,1.0060590684691,0.31438715673829,0.97784114664184,gene-HOXA6,HOXA6,anterior.sacral_vs_posterior.sacral_by_SYMBOL
1224.72326165623,0.97826043115934,0.699597184041113,0.406810073843473,3.12597159869182,0.00177218666191463,0.470984724394213,gene-HOXA7,HOXA7,anterior.sacral_vs_posterior.sacral_by_SYMBOL
2508.12319209078,0.153753202305179,2.76673888110279e-06,0.00144267057011493,0.63814466984502,0.523379510743401,0.983881134996415,gene-HOXA9,HOXA9,anterior.sacral_vs_posterior.sacral_by_SYMBOL
996.804027058147,-0.597641964053832,-1.18882704784026e-05,0.00144269154954838,-2.6312671677789,0.00850671333400821,0.788352834882664,gene-HOXA10,HOXA10,anterior.sacral_vs_posterior.sacral_by_SYMBOL
925.34439619809,-6.65544261844396,-2.89024687561464e-06,0.00144269642103593,-6.3584412785993,2.03811268100508e-10,3.1295220216833e-06,gene-HOXA11,HOXA11,anterior.sacral_vs_posterior.sacral_by_SYMBOL
86.9214425475908,-5.99614231924356,-1.96324668380703e-06,0.00144269542593021,-3.62859794736288,0.000284964633580993,0.156272569594148,gene-HOXA13,HOXA13,anterior.sacral_vs_posterior.sacral_by_SYMBOL
973.191061067474,0.113438869560752,1.22431889528086e-06,0.00144267987677292,0.363799079544075,0.716008050036694,0.987178331690674,gene-HOXD1,HOXD1,anterior.sacral_vs_posterior.sacral_by_SYMBOL
1369.92549897436,0.281331767864196,9.80037724709692e-06,0.00144266177665444,1.62922423106046,0.103265559173393,0.97784114664184,gene-HOXD3,HOXD3,anterior.sacral_vs_posterior.sacral_by_SYMBOL
19.5337668097453,-0.223873184185639,-6.38260361810985e-07,0.00144269096809176,-0.373634696459711,0.708676116469817,0.987178331690674,gene-HOXD4,HOXD4,anterior.sacral_vs_posterior.sacral_by_SYMBOL
1102.28261197613,-0.0516210312777955,-6.09747950890154e-07,0.00144267776426067,-0.175497398301589,0.860688814911508,0.997296140494978,gene-HOXD8,HOXD8,anterior.sacral_vs_posterior.sacral_by_SYMBOL
574.493468058763,0.00746847851933794,1.52704850739307e-07,0.00144266778777494,0.0318345091485278,0.974604026254312,0.999300404884802,gene-HOXD9,HOXD9,anterior.sacral_vs_posterior.sacral_by_SYMBOL
953.893655196875,-3.06209818631237,-5.763755805973e-06,0.00144269937599043,-4.77215395851203,1.82266088976058e-06,0.00310966199580819,gene-HOXD10,HOXD10,anterior.sacral_vs_posterior.sacral_by_SYMBOL
577.889532313097,-7.64860727578492,-1.4711185440444e-06,0.00144269539135798,-5.02094142779331,5.14188385141377e-07,0.0011296182539278,gene-HOXD11,HOXD11,anterior.sacral_vs_posterior.sacral_by_SYMBOL
207.049113003821,-7.59935184015606,-1.47608901293497e-06,0.00144269536154152,-4.14662546105465,3.37411328269359e-05,0.0287830608087556,gene-HOXD12,HOXD12,anterior.sacral_vs_posterior.sacral_by_SYMBOL
116.993008706937,-5.07007414102571,-1.42849907184734e-06,0.00144269526798337,-3.30236146672433,0.000958744331273179,0.359061444065846,gene-HOXD13,HOXD13,anterior.sacral_vs_posterior.sacral_by_SYMBOL
362.819017992474,0.708154309913426,8.44819233395116e-06,0.00144269084637358,2.4134704500722,0.0158014091332908,0.938081536235932,gene-HOXB8,HOXB8,anterior.sacral_vs_posterior.sacral_by_SYMBOL
35.1055152453252,0.360174363702634,1.16354265364004e-06,0.00144269062310738,0.638268367611925,0.523298999560449,0.983881134996415,gene-HOXB7,HOXB7,anterior.sacral_vs_posterior.sacral_by_SYMBOL
2524.91405008108,0.248325018379212,6.52223901645719e-06,0.00144266285419069,1.26735869068163,0.205027063509419,0.97784114664184,gene-HOXB6,HOXB6,anterior.sacral_vs_posterior.sacral_by_SYMBOL
1722.78738740599,0.0813907041561864,2.61448927558503e-06,0.00144265008837229,0.451401125343451,0.651700472407299,0.987178331690674,gene-HOXB5,HOXB5,anterior.sacral_vs_posterior.sacral_by_SYMBOL
1635.08646076836,0.482919925783772,1.20337226276493e-05,0.00144268257835003,2.44008984009111,0.0146836097083524,0.917438414592882,gene-HOXB3,HOXB3,anterior.sacral_vs_posterior.sacral_by_SYMBOL
976.827460535372,0.0317588685099469,7.18629630894774e-07,0.00144266304656118,0.146835989916216,0.88326147671593,0.99764422051338,gene-HOXB4,HOXB4,anterior.sacral_vs_posterior.sacral_by_SYMBOL
131.877943640423,0.62273574310381,4.63699681179342e-06,0.0014426882960839,1.67655385331721,0.0936297570179284,0.97784114664184,gene-HOXB2,HOXB2,anterior.sacral_vs_posterior.sacral_by_SYMBOL
370.051832921262,-0.233350953987775,-1.57415699047312e-06,0.00144268572290347,-0.59631389597873,0.550965549615198,0.98521991200125,gene-HOXB1,HOXB1,anterior.sacral_vs_posterior.sacral_by_SYMBOL
399.058790000999,0.933075719445277,6.15271634589703e-06,0.00144269269282563,2.38400067118567,0.0171255711359701,0.949375391494693,gene-HOXC8,HOXC8,anterior.sacral_vs_posterior.sacral_by_SYMBOL
649.333898790001,0.796204033661984,4.50267558626388e-06,0.00144269079858833,1.87561257610202,0.0607084982573543,0.97784114664184,gene-HOXC9,HOXC9,anterior.sacral_vs_posterior.sacral_by_SYMBOL
2533.51764592367,-1.30332242211619,-1.17207220874627,0.293313683203182,-4.71800764666236,2.38165544621721e-06,0.00365703193766652,gene-HOXC10,HOXC10,anterior.sacral_vs_posterior.sacral_by_SYMBOL
400.465171960407,-6.82172089415759,-6.30799591718201,1.31801527176313,-5.43564268584139,5.45992722404403e-08,0.00020959295631299,gene-HOXC11,HOXC11,anterior.sacral_vs_posterior.sacral_by_SYMBOL
427.900804653701,-3.83247695718709,-8.56906649330003e-07,0.00144269498412915,-1.94603232608338,0.051650856667592,0.97784114664184,gene-HOXC12,HOXC12,anterior.sacral_vs_posterior.sacral_by_SYMBOL
122.203449222597,-1.93983104212109,-3.35495807739162e-07,0.0014426949504457,-0.711671781900851,0.476668045341526,0.979833417792751,gene-HOXC13,HOXC13,anterior.sacral_vs_posterior.sacral_by_SYMBOL
171.755041573494,-0.294405081685213,-3.83114255582369e-06,0.00144267874357037,-1.04519310793741,0.295933728169116,0.97784114664184,gene-GDF11,GDF11,anterior.sacral_vs_posterior.sacral_by_SYMBOL
595.617985438692,-0.219115323854745,-3.30603300925396e-06,0.00144267517591672,-0.836820952568919,0.402693218106242,0.97784114664184,gene-HOXA10-AS,HOXA10-AS,anterior.sacral_vs_posterior.sacral
362.723722634889,0.0221975016201366,1.56738021803249e-07,0.00144268541832043,0.0562314395552823,0.955157435634518,0.998485053938601,gene-HOXA1,HOXA1,anterior.sacral_vs_posterior.sacral
607.148431517776,0.400781733319988,3.66011310467337e-06,0.00144268437881705,1.18953245018511,0.234230209417055,0.97784114664184,gene-HOXA2,HOXA2,anterior.sacral_vs_posterior.sacral
1070.31154800203,0.424409088738794,1.79823779594045e-05,0.00144269073997088,2.71654096347218,0.00659680312056577,0.735981079036244,gene-HOXA3,HOXA3,anterior.sacral_vs_posterior.sacral
692.821447309334,0.0761506369285269,1.77319309350255e-06,0.00144266217045538,0.35943252066617,0.719271549974819,0.987178331690674,gene-HOXA4,HOXA4,anterior.sacral_vs_posterior.sacral
477.787551559964,0.223964504909627,2.48144547361107e-06,0.00144268025075625,0.729603116453947,0.46563281672255,0.979777408837473,gene-HOXA5,HOXA5,anterior.sacral_vs_posterior.sacral
177.625629561381,0.241734538445041,4.36935133287988e-06,0.00144267240138053,1.0060590684691,0.31438715673829,0.97784114664184,gene-HOXA6,HOXA6,anterior.sacral_vs_posterior.sacral
1224.72326165623,0.97826043115934,0.699597184041113,0.406810073843473,3.12597159869182,0.00177218666191463,0.470984724394213,gene-HOXA7,HOXA7,anterior.sacral_vs_posterior.sacral
2508.12319209078,0.153753202305179,2.76673888110279e-06,0.00144267057011493,0.63814466984502,0.523379510743401,0.983881134996415,gene-HOXA9,HOXA9,anterior.sacral_vs_posterior.sacral
996.804027058147,-0.597641964053832,-1.18882704784026e-05,0.00144269154954838,-2.6312671677789,0.00850671333400821,0.788352834882664,gene-HOXA10,HOXA10,anterior.sacral_vs_posterior.sacral
925.34439619809,-6.65544261844396,-2.89024687561464e-06,0.00144269642103593,-6.3584412785993,2.03811268100508e-10,3.1295220216833e-06,gene-HOXA11,HOXA11,anterior.sacral_vs_posterior.sacral
86.9214425475908,-5.99614231924356,-1.96324668380703e-06,0.00144269542593021,-3.62859794736288,0.000284964633580993,0.156272569594148,gene-HOXA13,HOXA13,anterior.sacral_vs_posterior.sacral
973.191061067474,0.113438869560752,1.22431889528086e-06,0.00144267987677292,0.363799079544075,0.716008050036694,0.987178331690674,gene-HOXD1,HOXD1,anterior.sacral_vs_posterior.sacral
1369.92549897436,0.281331767864196,9.80037724709692e-06,0.00144266177665444,1.62922423106046,0.103265559173393,0.97784114664184,gene-HOXD3,HOXD3,anterior.sacral_vs_posterior.sacral
19.5337668097453,-0.223873184185639,-6.38260361810985e-07,0.00144269096809176,-0.373634696459711,0.708676116469817,0.987178331690674,gene-HOXD4,HOXD4,anterior.sacral_vs_posterior.sacral
1102.28261197613,-0.0516210312777955,-6.09747950890154e-07,0.00144267776426067,-0.175497398301589,0.860688814911508,0.997296140494978,gene-HOXD8,HOXD8,anterior.sacral_vs_posterior.sacral
574.493468058763,0.00746847851933794,1.52704850739307e-07,0.00144266778777494,0.0318345091485278,0.974604026254312,0.999300404884802,gene-HOXD9,HOXD9,anterior.sacral_vs_posterior.sacral
953.893655196875,-3.06209818631237,-5.763755805973e-06,0.00144269937599043,-4.77215395851203,1.82266088976058e-06,0.00310966199580819,gene-HOXD10,HOXD10,anterior.sacral_vs_posterior.sacral
577.889532313097,-7.64860727578492,-1.4711185440444e-06,0.00144269539135798,-5.02094142779331,5.14188385141377e-07,0.0011296182539278,gene-HOXD11,HOXD11,anterior.sacral_vs_posterior.sacral
207.049113003821,-7.59935184015606,-1.47608901293497e-06,0.00144269536154152,-4.14662546105465,3.37411328269359e-05,0.0287830608087556,gene-HOXD12,HOXD12,anterior.sacral_vs_posterior.sacral
116.993008706937,-5.07007414102571,-1.42849907184734e-06,0.00144269526798337,-3.30236146672433,0.000958744331273179,0.359061444065846,gene-HOXD13,HOXD13,anterior.sacral_vs_posterior.sacral
362.819017992474,0.708154309913426,8.44819233395116e-06,0.00144269084637358,2.4134704500722,0.0158014091332908,0.938081536235932,gene-HOXB8,HOXB8,anterior.sacral_vs_posterior.sacral
35.1055152453252,0.360174363702634,1.16354265364004e-06,0.00144269062310738,0.638268367611925,0.523298999560449,0.983881134996415,gene-HOXB7,HOXB7,anterior.sacral_vs_posterior.sacral
2524.91405008108,0.248325018379212,6.52223901645719e-06,0.00144266285419069,1.26735869068163,0.205027063509419,0.97784114664184,gene-HOXB6,HOXB6,anterior.sacral_vs_posterior.sacral
1722.78738740599,0.0813907041561864,2.61448927558503e-06,0.00144265008837229,0.451401125343451,0.651700472407299,0.987178331690674,gene-HOXB5,HOXB5,anterior.sacral_vs_posterior.sacral
1635.08646076836,0.482919925783772,1.20337226276493e-05,0.00144268257835003,2.44008984009111,0.0146836097083524,0.917438414592882,gene-HOXB3,HOXB3,anterior.sacral_vs_posterior.sacral
976.827460535372,0.0317588685099469,7.18629630894774e-07,0.00144266304656118,0.146835989916216,0.88326147671593,0.99764422051338,gene-HOXB4,HOXB4,anterior.sacral_vs_posterior.sacral
131.877943640423,0.62273574310381,4.63699681179342e-06,0.0014426882960839,1.67655385331721,0.0936297570179284,0.97784114664184,gene-HOXB2,HOXB2,anterior.sacral_vs_posterior.sacral
370.051832921262,-0.233350953987775,-1.57415699047312e-06,0.00144268572290347,-0.59631389597873,0.550965549615198,0.98521991200125,gene-HOXB1,HOXB1,anterior.sacral_vs_posterior.sacral
399.058790000999,0.933075719445277,6.15271634589703e-06,0.00144269269282563,2.38400067118567,0.0171255711359701,0.949375391494693,gene-HOXC8,HOXC8,anterior.sacral_vs_posterior.sacral
649.333898790001,0.796204033661984,4.50267558626388e-06,0.00144269079858833,1.87561257610202,0.0607084982573543,0.97784114664184,gene-HOXC9,HOXC9,anterior.sacral_vs_posterior.sacral
2533.51764592367,-1.30332242211619,-1.17207220874627,0.293313683203182,-4.71800764666236,2.38165544621721e-06,0.00365703193766652,gene-HOXC10,HOXC10,anterior.sacral_vs_posterior.sacral
400.465171960407,-6.82172089415759,-6.30799591718201,1.31801527176313,-5.43564268584139,5.45992722404403e-08,0.00020959295631299,gene-HOXC11,HOXC11,anterior.sacral_vs_posterior.sacral
427.900804653701,-3.83247695718709,-8.56906649330003e-07,0.00144269498412915,-1.94603232608338,0.051650856667592,0.97784114664184,gene-HOXC12,HOXC12,anterior.sacral_vs_posterior.sacral
122.203449222597,-1.93983104212109,-3.35495807739162e-07,0.0014426949504457,-0.711671781900851,0.476668045341526,0.979833417792751,gene-HOXC13,HOXC13,anterior.sacral_vs_posterior.sacral
171.755041573494,-0.294405081685213,-3.83114255582369e-06,0.00144267874357037,-1.04519310793741,0.295933728169116,0.97784114664184,gene-GDF11,GDF11,anterior.sacral_vs_posterior.sacral
40.863310963973,-6.00031454402249,-0.118081363178954,0.234976253604251,-5.63390972725039,1.76169262065169e-08,2.94711601072576e-05,gene-HOXA10-AS,HOXA10-AS,anterior.sacral_vs_sacralized.caudal_by_ENS
362.723722634889,-0.488924023885853,-0.0566736332140494,0.145362671605648,-1.24060275708724,0.214752532944781,0.588700295649608,gene-HOXA1,HOXA1,anterior.sacral_vs_sacralized.caudal_by_ENS
607.148431517776,0.160968214118751,0.023165469690074,0.129819282577214,0.477994221656593,0.632654317760506,0.863392245142579,gene-HOXA2,HOXA2,anterior.sacral_vs_sacralized.caudal_by_ENS
1070.31154800203,0.479210959361001,0.378742003654063,0.17055392868452,3.06212477624487,0.00219771819929393,0.0897404870328323,gene-HOXA3,HOXA3,anterior.sacral_vs_sacralized.caudal_by_ENS
692.821447309334,0.269479227582209,0.0911117015053388,0.141681578776198,1.26886169222098,0.204490397261144,0.580687933075024,gene-HOXA4,HOXA4,anterior.sacral_vs_sacralized.caudal_by_ENS
477.787551559964,0.10671599291297,0.0182028526006806,0.127015485336915,0.347662568627995,0.728093610919175,0.904618412726583,gene-HOXA5,HOXA5,anterior.sacral_vs_sacralized.caudal_by_ENS
177.625629561381,0.278999166805726,0.0762462987931758,0.140391305523431,1.1567872583788,0.247359288818288,0.618336618370935,gene-HOXA6,HOXA6,anterior.sacral_vs_sacralized.caudal_by_ENS
1224.72326165623,0.958893085863519,0.699445339855874,0.381198069792713,3.06337403668949,0.00218856320788426,0.0897404870328323,gene-HOXA7,HOXA7,anterior.sacral_vs_sacralized.caudal_by_ENS
2508.12319209078,0.0731455376586709,0.0183198578022563,0.120764753380861,0.303573172584866,0.761453092740314,0.918041086308113,gene-HOXA9,HOXA9,anterior.sacral_vs_sacralized.caudal_by_ENS
996.804027058147,-0.0475297362068677,-0.0126187661697805,0.118391314163847,-0.208652865721758,0.834719237873126,0.94930216236438,gene-HOXA10,HOXA10,anterior.sacral_vs_sacralized.caudal_by_ENS
925.34439619809,-7.6615617916343,-0.058040263986281,0.157027580558291,-7.32078594925341,2.46522799144371e-13,1.85582363195883e-09,gene-HOXA11,HOXA11,anterior.sacral_vs_sacralized.caudal_by_ENS
86.9214425475908,-10.3520231259923,-0.0434207766413301,0.14825913184765,-6.32481354237326,2.53538543212159e-10,6.36212717767045e-07,gene-HOXA13,HOXA13,anterior.sacral_vs_sacralized.caudal_by_ENS
1369.92549897436,0.476962029478265,0.345714831304039,0.193335315724523,2.75672148428388,0.00583840576247579,0.147818955397294,gene-HOXD3,HOXD3,anterior.sacral_vs_sacralized.caudal_by_ENS
19.5337668097453,0.471376746514685,0.0222963320917464,0.136986020402972,0.764460330694927,0.4445929679688,0.76240264806588,gene-HOXD4,HOXD4,anterior.sacral_vs_sacralized.caudal_by_ENS
1102.28261197613,0.0419751412087631,0.00767360900257503,0.124969898216603,0.142631987590113,0.886580833315879,0.968325065390198,gene-HOXD8,HOXD8,anterior.sacral_vs_sacralized.caudal_by_ENS
574.493468058763,0.58294837768346,0.33355437189743,0.298231680361285,2.47079410545704,0.0134813412864601,0.215243981345645,gene-HOXD9,HOXD9,anterior.sacral_vs_sacralized.caudal_by_ENS
953.893655196875,-2.22802228161313,-0.110828916347368,0.21397724115238,-3.47076396110159,0.000518979979901617,0.0428241944279488,gene-HOXD10,HOXD10,anterior.sacral_vs_sacralized.caudal_by_ENS
577.889532313097,-9.67207388576331,-0.0294624508424485,0.142490560233977,-6.3512119342773,2.13625150857366e-10,6.36212717767045e-07,gene-HOXD11,HOXD11,anterior.sacral_vs_sacralized.caudal_by_ENS
207.049113003821,-11.5845467217291,-0.028802567661056,0.142277663599912,-6.33706193347587,2.34187873448334e-10,6.36212717767045e-07,gene-HOXD12,HOXD12,anterior.sacral_vs_sacralized.caudal_by_ENS
116.993008706937,-7.41836427855773,-0.0282209178301558,0.142069117511828,-4.84133114411615,1.28972241889908e-06,0.000606814398092019,gene-HOXD13,HOXD13,anterior.sacral_vs_sacralized.caudal_by_ENS
362.819017992474,0.863779949027741,0.604529589950469,0.366383541686986,2.93644790839515,0.00331994573943053,0.11386128258056,gene-HOXB8,HOXB8,anterior.sacral_vs_sacralized.caudal_by_ENS
35.1055152453252,0.533864548897294,0.0300954029880209,0.138500232948956,0.939563940730995,0.347441279888136,0.696640819016617,gene-HOXB7,HOXB7,anterior.sacral_vs_sacralized.caudal_by_ENS
2524.91405008108,0.640317716178529,0.509140284723427,0.218632017664991,3.26338865259596,0.00110088434329923,0.062783767699671,gene-HOXB6,HOXB6,anterior.sacral_vs_sacralized.caudal_by_ENS
1722.78738740599,0.155385359154934,0.0601607374956793,0.119157378686118,0.861093458509613,0.389186571706623,0.725915884986982,gene-HOXB5,HOXB5,anterior.sacral_vs_sacralized.caudal_by_ENS
1635.08646076836,0.78335059405579,0.677422731974987,0.213210369015923,3.95092223224613,7.78506203874281e-05,0.0133195334153763,gene-HOXB3,HOXB3,anterior.sacral_vs_sacralized.caudal_by_ENS
976.827460535372,0.463190407781378,0.223962593742649,0.235976311571181,2.13505769145648,0.0327562979745249,0.301189010541856,gene-HOXB4,HOXB4,anterior.sacral_vs_sacralized.caudal_by_ENS
131.877943640423,0.406008951125031,0.0520857862003248,0.141690498167364,1.09479498715573,0.273606463070465,0.640357361726866,gene-HOXB2,HOXB2,anterior.sacral_vs_sacralized.caudal_by_ENS
370.051832921262,-1.00631999374273,-0.204863876476531,0.454030600667165,-2.57822966539409,0.00993079699451778,0.187601103575232,gene-HOXB1,HOXB1,anterior.sacral_vs_sacralized.caudal_by_ENS
399.058790000999,0.863655174886166,0.127735728242135,0.219070612880336,2.20619885407296,0.0273700794866065,0.282465729346738,gene-HOXC8,HOXC8,anterior.sacral_vs_sacralized.caudal_by_ENS
649.333898790001,0.720832803137196,0.0775361905598712,0.161462802224001,1.69792417674777,0.0895220735148354,0.426938339828749,gene-HOXC9,HOXC9,anterior.sacral_vs_sacralized.caudal_by_ENS
2533.51764592367,-0.557190351655882,-0.161049671830862,0.231228532032738,-2.01515358724111,0.0438885588790363,0.332286703548522,gene-HOXC10,HOXC10,anterior.sacral_vs_sacralized.caudal_by_ENS
400.465171960407,-8.75046622238872,-0.0460480550188125,0.149626617518595,-6.97674048893678,3.02106997848817e-12,1.51617431987059e-08,gene-HOXC11,HOXC11,anterior.sacral_vs_sacralized.caudal_by_ENS
427.900804653701,-10.8592052377918,-0.0198992074618253,0.13987277062299,-5.56265607349744,2.65699216350992e-08,4.00036740138054e-05,gene-HOXC12,HOXC12,anterior.sacral_vs_sacralized.caudal_by_ENS
122.203449222597,-10.9093208757902,-0.0106975856947252,0.138328437022792,-4.26798474425753,1.97246813517595e-05,0.00503347122766257,gene-HOXC13,HOXC13,anterior.sacral_vs_sacralized.caudal_by_ENS
171.755041573494,-0.028873375659417,-0.00550325117438626,0.1239499217883,-0.101856434128369,0.918870630574605,0.976759301492352,gene-GDF11,GDF11,anterior.sacral_vs_sacralized.caudal_by_ENS
35.1234176212237,0.107263812267578,0.0076587778927013,0.133087751855334,0.213366949701457,0.831040757255142,0.94717665856746,gene-HOXA1,HOXA1,anterior.sacral_vs_sacralized.caudal_by_ENS
2709.25179792689,-0.228433275779834,-0.0353139513787883,0.132349603382543,-0.697424340708476,0.485537273076044,0.786048299293863,gene-HOXA2,HOXA2,anterior.sacral_vs_sacralized.caudal_by_ENS
12.9080343561027,-0.717879234475677,-0.0101137810021043,0.137300643121715,-0.627372694014308,0.530414962504887,0.814841479649714,gene-HOXA3,HOXA3,anterior.sacral_vs_sacralized.caudal_by_ENS
1265.5012317118,0.0723044471667117,0.0215151690560903,0.117421095979103,0.33670474418644,0.736339486656265,0.907613934957101,gene-HOXA4,HOXA4,anterior.sacral_vs_sacralized.caudal_by_ENS
365.580991051659,-0.0612376936108738,-0.00570733975484586,0.131110779306791,-0.144526685220513,0.885084585898318,0.968061804446494,gene-HOXA5,HOXA5,anterior.sacral_vs_sacralized.caudal_by_ENS
8.04734281924914,-1.74172125409071,-0.0249873570689826,0.140206520233004,-1.54695470080319,0.121874169279618,0.481737330709879,gene-HOXA6,HOXA6,anterior.sacral_vs_sacralized.caudal_by_ENS
134.780579947467,0.574434422381822,0.0711138438446217,0.154207455776777,1.47528607609924,0.140135648256214,0.508160481730627,gene-HOXA7,HOXA7,anterior.sacral_vs_sacralized.caudal_by_ENS
14.4903127333858,0.354703173640979,0.0141994919828081,0.135993001876711,0.524764753817883,0.599746736306735,0.848185878436426,gene-HOXA9,HOXA9,anterior.sacral_vs_sacralized.caudal_by_ENS
1382.47516015338,-0.430236093584095,-0.146338668554055,0.193422341145623,-1.79970974065721,0.0719064822422767,0.396993263055618,gene-HOXA10,HOXA10,anterior.sacral_vs_sacralized.caudal_by_ENS
629.280454442749,0.14373578158885,0.0323052781811355,0.125635143229938,0.552777016341694,0.580416108499065,0.837686438800031,gene-HOXA11,HOXA11,anterior.sacral_vs_sacralized.caudal_by_ENS
17.4938199394209,-0.516548633073599,-0.0160491868620565,0.136918179955925,-0.67746189409898,0.498112939482459,0.793943300534396,gene-HOXA13,HOXA13,anterior.sacral_vs_sacralized.caudal_by_ENS
595.617985438692,-0.387152114678702,-0.0985908439087542,0.159507579245017,-1.47905256645088,0.139126266146735,0.507073515409805,gene-HOXA10-AS,HOXA10-AS,anterior.sacral_vs_sacralized.caudal_by_SYMBOL
362.723722634889,-0.488924023885853,-0.0566736332140494,0.145362671605648,-1.24060275708724,0.214752532944781,0.588700295649608,gene-HOXA1,HOXA1,anterior.sacral_vs_sacralized.caudal_by_SYMBOL
607.148431517776,0.160968214118751,0.023165469690074,0.129819282577214,0.477994221656593,0.632654317760506,0.863392245142579,gene-HOXA2,HOXA2,anterior.sacral_vs_sacralized.caudal_by_SYMBOL
1070.31154800203,0.479210959361001,0.378742003654063,0.17055392868452,3.06212477624487,0.00219771819929393,0.0897404870328323,gene-HOXA3,HOXA3,anterior.sacral_vs_sacralized.caudal_by_SYMBOL
692.821447309334,0.269479227582209,0.0911117015053388,0.141681578776198,1.26886169222098,0.204490397261144,0.580687933075024,gene-HOXA4,HOXA4,anterior.sacral_vs_sacralized.caudal_by_SYMBOL
477.787551559964,0.10671599291297,0.0182028526006806,0.127015485336915,0.347662568627995,0.728093610919175,0.904618412726583,gene-HOXA5,HOXA5,anterior.sacral_vs_sacralized.caudal_by_SYMBOL
177.625629561381,0.278999166805726,0.0762462987931758,0.140391305523431,1.1567872583788,0.247359288818288,0.618336618370935,gene-HOXA6,HOXA6,anterior.sacral_vs_sacralized.caudal_by_SYMBOL
1224.72326165623,0.958893085863519,0.699445339855874,0.381198069792713,3.06337403668949,0.00218856320788426,0.0897404870328323,gene-HOXA7,HOXA7,anterior.sacral_vs_sacralized.caudal_by_SYMBOL
2508.12319209078,0.0731455376586709,0.0183198578022563,0.120764753380861,0.303573172584866,0.761453092740314,0.918041086308113,gene-HOXA9,HOXA9,anterior.sacral_vs_sacralized.caudal_by_SYMBOL
996.804027058147,-0.0475297362068677,-0.0126187661697805,0.118391314163847,-0.208652865721758,0.834719237873126,0.94930216236438,gene-HOXA10,HOXA10,anterior.sacral_vs_sacralized.caudal_by_SYMBOL
925.34439619809,-7.6615617916343,-0.058040263986281,0.157027580558291,-7.32078594925341,2.46522799144371e-13,1.85582363195883e-09,gene-HOXA11,HOXA11,anterior.sacral_vs_sacralized.caudal_by_SYMBOL
86.9214425475908,-10.3520231259923,-0.0434207766413301,0.14825913184765,-6.32481354237326,2.53538543212159e-10,6.36212717767045e-07,gene-HOXA13,HOXA13,anterior.sacral_vs_sacralized.caudal_by_SYMBOL
973.191061067474,-0.0757689835432665,-0.0128510231207198,0.126660452095937,-0.243042197241058,0.807972708607186,0.938106471287679,gene-HOXD1,HOXD1,anterior.sacral_vs_sacralized.caudal_by_SYMBOL
1369.92549897436,0.476962029478265,0.345714831304039,0.193335315724523,2.75672148428388,0.00583840576247579,0.147818955397294,gene-HOXD3,HOXD3,anterior.sacral_vs_sacralized.caudal_by_SYMBOL
19.5337668097453,0.471376746514685,0.0222963320917464,0.136986020402972,0.764460330694927,0.4445929679688,0.76240264806588,gene-HOXD4,HOXD4,anterior.sacral_vs_sacralized.caudal_by_SYMBOL
1102.28261197613,0.0419751412087631,0.00767360900257503,0.124969898216603,0.142631987590113,0.886580833315879,0.968325065390198,gene-HOXD8,HOXD8,anterior.sacral_vs_sacralized.caudal_by_SYMBOL
574.493468058763,0.58294837768346,0.33355437189743,0.298231680361285,2.47079410545704,0.0134813412864601,0.215243981345645,gene-HOXD9,HOXD9,anterior.sacral_vs_sacralized.caudal_by_SYMBOL
953.893655196875,-2.22802228161313,-0.110828916347368,0.21397724115238,-3.47076396110159,0.000518979979901617,0.0428241944279488,gene-HOXD10,HOXD10,anterior.sacral_vs_sacralized.caudal_by_SYMBOL
577.889532313097,-9.67207388576331,-0.0294624508424485,0.142490560233977,-6.3512119342773,2.13625150857366e-10,6.36212717767045e-07,gene-HOXD11,HOXD11,anterior.sacral_vs_sacralized.caudal_by_SYMBOL
207.049113003821,-11.5845467217291,-0.028802567661056,0.142277663599912,-6.33706193347587,2.34187873448334e-10,6.36212717767045e-07,gene-HOXD12,HOXD12,anterior.sacral_vs_sacralized.caudal_by_SYMBOL
116.993008706937,-7.41836427855773,-0.0282209178301558,0.142069117511828,-4.84133114411615,1.28972241889908e-06,0.000606814398092019,gene-HOXD13,HOXD13,anterior.sacral_vs_sacralized.caudal_by_SYMBOL
362.819017992474,0.863779949027741,0.604529589950469,0.366383541686986,2.93644790839515,0.00331994573943053,0.11386128258056,gene-HOXB8,HOXB8,anterior.sacral_vs_sacralized.caudal_by_SYMBOL
35.1055152453252,0.533864548897294,0.0300954029880209,0.138500232948956,0.939563940730995,0.347441279888136,0.696640819016617,gene-HOXB7,HOXB7,anterior.sacral_vs_sacralized.caudal_by_SYMBOL
2524.91405008108,0.640317716178529,0.509140284723427,0.218632017664991,3.26338865259596,0.00110088434329923,0.062783767699671,gene-HOXB6,HOXB6,anterior.sacral_vs_sacralized.caudal_by_SYMBOL
1722.78738740599,0.155385359154934,0.0601607374956793,0.119157378686118,0.861093458509613,0.389186571706623,0.725915884986982,gene-HOXB5,HOXB5,anterior.sacral_vs_sacralized.caudal_by_SYMBOL
1635.08646076836,0.78335059405579,0.677422731974987,0.213210369015923,3.95092223224613,7.78506203874281e-05,0.0133195334153763,gene-HOXB3,HOXB3,anterior.sacral_vs_sacralized.caudal_by_SYMBOL
976.827460535372,0.463190407781378,0.223962593742649,0.235976311571181,2.13505769145648,0.0327562979745249,0.301189010541856,gene-HOXB4,HOXB4,anterior.sacral_vs_sacralized.caudal_by_SYMBOL
131.877943640423,0.406008951125031,0.0520857862003248,0.141690498167364,1.09479498715573,0.273606463070465,0.640357361726866,gene-HOXB2,HOXB2,anterior.sacral_vs_sacralized.caudal_by_SYMBOL
370.051832921262,-1.00631999374273,-0.204863876476531,0.454030600667165,-2.57822966539409,0.00993079699451778,0.187601103575232,gene-HOXB1,HOXB1,anterior.sacral_vs_sacralized.caudal_by_SYMBOL
399.058790000999,0.863655174886166,0.127735728242135,0.219070612880336,2.20619885407296,0.0273700794866065,0.282465729346738,gene-HOXC8,HOXC8,anterior.sacral_vs_sacralized.caudal_by_SYMBOL
649.333898790001,0.720832803137196,0.0775361905598712,0.161462802224001,1.69792417674777,0.0895220735148354,0.426938339828749,gene-HOXC9,HOXC9,anterior.sacral_vs_sacralized.caudal_by_SYMBOL
2533.51764592367,-0.557190351655882,-0.161049671830862,0.231228532032738,-2.01515358724111,0.0438885588790363,0.332286703548522,gene-HOXC10,HOXC10,anterior.sacral_vs_sacralized.caudal_by_SYMBOL
400.465171960407,-8.75046622238872,-0.0460480550188125,0.149626617518595,-6.97674048893678,3.02106997848817e-12,1.51617431987059e-08,gene-HOXC11,HOXC11,anterior.sacral_vs_sacralized.caudal_by_SYMBOL
427.900804653701,-10.8592052377918,-0.0198992074618253,0.13987277062299,-5.56265607349744,2.65699216350992e-08,4.00036740138054e-05,gene-HOXC12,HOXC12,anterior.sacral_vs_sacralized.caudal_by_SYMBOL
122.203449222597,-10.9093208757902,-0.0106975856947252,0.138328437022792,-4.26798474425753,1.97246813517595e-05,0.00503347122766257,gene-HOXC13,HOXC13,anterior.sacral_vs_sacralized.caudal_by_SYMBOL
171.755041573494,-0.028873375659417,-0.00550325117438626,0.1239499217883,-0.101856434128369,0.918870630574605,0.976759301492352,gene-GDF11,GDF11,anterior.sacral_vs_sacralized.caudal_by_SYMBOL
595.617985438692,-0.387152114678702,-0.0985908439087542,0.159507579245017,-1.47905256645088,0.139126266146735,0.507073515409805,gene-HOXA10-AS,HOXA10-AS,anterior.sacral_vs_sacralized.caudal
362.723722634889,-0.488924023885853,-0.0566736332140494,0.145362671605648,-1.24060275708724,0.214752532944781,0.588700295649608,gene-HOXA1,HOXA1,anterior.sacral_vs_sacralized.caudal
607.148431517776,0.160968214118751,0.023165469690074,0.129819282577214,0.477994221656593,0.632654317760506,0.863392245142579,gene-HOXA2,HOXA2,anterior.sacral_vs_sacralized.caudal
1070.31154800203,0.479210959361001,0.378742003654063,0.17055392868452,3.06212477624487,0.00219771819929393,0.0897404870328323,gene-HOXA3,HOXA3,anterior.sacral_vs_sacralized.caudal
692.821447309334,0.269479227582209,0.0911117015053388,0.141681578776198,1.26886169222098,0.204490397261144,0.580687933075024,gene-HOXA4,HOXA4,anterior.sacral_vs_sacralized.caudal
477.787551559964,0.10671599291297,0.0182028526006806,0.127015485336915,0.347662568627995,0.728093610919175,0.904618412726583,gene-HOXA5,HOXA5,anterior.sacral_vs_sacralized.caudal
177.625629561381,0.278999166805726,0.0762462987931758,0.140391305523431,1.1567872583788,0.247359288818288,0.618336618370935,gene-HOXA6,HOXA6,anterior.sacral_vs_sacralized.caudal
1224.72326165623,0.958893085863519,0.699445339855874,0.381198069792713,3.06337403668949,0.00218856320788426,0.0897404870328323,gene-HOXA7,HOXA7,anterior.sacral_vs_sacralized.caudal
2508.12319209078,0.0731455376586709,0.0183198578022563,0.120764753380861,0.303573172584866,0.761453092740314,0.918041086308113,gene-HOXA9,HOXA9,anterior.sacral_vs_sacralized.caudal
996.804027058147,-0.0475297362068677,-0.0126187661697805,0.118391314163847,-0.208652865721758,0.834719237873126,0.94930216236438,gene-HOXA10,HOXA10,anterior.sacral_vs_sacralized.caudal
925.34439619809,-7.6615617916343,-0.058040263986281,0.157027580558291,-7.32078594925341,2.46522799144371e-13,1.85582363195883e-09,gene-HOXA11,HOXA11,anterior.sacral_vs_sacralized.caudal
86.9214425475908,-10.3520231259923,-0.0434207766413301,0.14825913184765,-6.32481354237326,2.53538543212159e-10,6.36212717767045e-07,gene-HOXA13,HOXA13,anterior.sacral_vs_sacralized.caudal
973.191061067474,-0.0757689835432665,-0.0128510231207198,0.126660452095937,-0.243042197241058,0.807972708607186,0.938106471287679,gene-HOXD1,HOXD1,anterior.sacral_vs_sacralized.caudal
1369.92549897436,0.476962029478265,0.345714831304039,0.193335315724523,2.75672148428388,0.00583840576247579,0.147818955397294,gene-HOXD3,HOXD3,anterior.sacral_vs_sacralized.caudal
19.5337668097453,0.471376746514685,0.0222963320917464,0.136986020402972,0.764460330694927,0.4445929679688,0.76240264806588,gene-HOXD4,HOXD4,anterior.sacral_vs_sacralized.caudal
1102.28261197613,0.0419751412087631,0.00767360900257503,0.124969898216603,0.142631987590113,0.886580833315879,0.968325065390198,gene-HOXD8,HOXD8,anterior.sacral_vs_sacralized.caudal
574.493468058763,0.58294837768346,0.33355437189743,0.298231680361285,2.47079410545704,0.0134813412864601,0.215243981345645,gene-HOXD9,HOXD9,anterior.sacral_vs_sacralized.caudal
953.893655196875,-2.22802228161313,-0.110828916347368,0.21397724115238,-3.47076396110159,0.000518979979901617,0.0428241944279488,gene-HOXD10,HOXD10,anterior.sacral_vs_sacralized.caudal
577.889532313097,-9.67207388576331,-0.0294624508424485,0.142490560233977,-6.3512119342773,2.13625150857366e-10,6.36212717767045e-07,gene-HOXD11,HOXD11,anterior.sacral_vs_sacralized.caudal
207.049113003821,-11.5845467217291,-0.028802567661056,0.142277663599912,-6.33706193347587,2.34187873448334e-10,6.36212717767045e-07,gene-HOXD12,HOXD12,anterior.sacral_vs_sacralized.caudal
116.993008706937,-7.41836427855773,-0.0282209178301558,0.142069117511828,-4.84133114411615,1.28972241889908e-06,0.000606814398092019,gene-HOXD13,HOXD13,anterior.sacral_vs_sacralized.caudal
362.819017992474,0.863779949027741,0.604529589950469,0.366383541686986,2.93644790839515,0.00331994573943053,0.11386128258056,gene-HOXB8,HOXB8,anterior.sacral_vs_sacralized.caudal
35.1055152453252,0.533864548897294,0.0300954029880209,0.138500232948956,0.939563940730995,0.347441279888136,0.696640819016617,gene-HOXB7,HOXB7,anterior.sacral_vs_sacralized.caudal
2524.91405008108,0.640317716178529,0.509140284723427,0.218632017664991,3.26338865259596,0.00110088434329923,0.062783767699671,gene-HOXB6,HOXB6,anterior.sacral_vs_sacralized.caudal
1722.78738740599,0.155385359154934,0.0601607374956793,0.119157378686118,0.861093458509613,0.389186571706623,0.725915884986982,gene-HOXB5,HOXB5,anterior.sacral_vs_sacralized.caudal
1635.08646076836,0.78335059405579,0.677422731974987,0.213210369015923,3.95092223224613,7.78506203874281e-05,0.0133195334153763,gene-HOXB3,HOXB3,anterior.sacral_vs_sacralized.caudal
976.827460535372,0.463190407781378,0.223962593742649,0.235976311571181,2.13505769145648,0.0327562979745249,0.301189010541856,gene-HOXB4,HOXB4,anterior.sacral_vs_sacralized.caudal
131.877943640423,0.406008951125031,0.0520857862003248,0.141690498167364,1.09479498715573,0.273606463070465,0.640357361726866,gene-HOXB2,HOXB2,anterior.sacral_vs_sacralized.caudal
370.051832921262,-1.00631999374273,-0.204863876476531,0.454030600667165,-2.57822966539409,0.00993079699451778,0.187601103575232,gene-HOXB1,HOXB1,anterior.sacral_vs_sacralized.caudal
399.058790000999,0.863655174886166,0.127735728242135,0.219070612880336,2.20619885407296,0.0273700794866065,0.282465729346738,gene-HOXC8,HOXC8,anterior.sacral_vs_sacralized.caudal
649.333898790001,0.720832803137196,0.0775361905598712,0.161462802224001,1.69792417674777,0.0895220735148354,0.426938339828749,gene-HOXC9,HOXC9,anterior.sacral_vs_sacralized.caudal
2533.51764592367,-0.557190351655882,-0.161049671830862,0.231228532032738,-2.01515358724111,0.0438885588790363,0.332286703548522,gene-HOXC10,HOXC10,anterior.sacral_vs_sacralized.caudal
400.465171960407,-8.75046622238872,-0.0460480550188125,0.149626617518595,-6.97674048893678,3.02106997848817e-12,1.51617431987059e-08,gene-HOXC11,HOXC11,anterior.sacral_vs_sacralized.caudal
427.900804653701,-10.8592052377918,-0.0198992074618253,0.13987277062299,-5.56265607349744,2.65699216350992e-08,4.00036740138054e-05,gene-HOXC12,HOXC12,anterior.sacral_vs_sacralized.caudal
122.203449222597,-10.9093208757902,-0.0106975856947252,0.138328437022792,-4.26798474425753,1.97246813517595e-05,0.00503347122766257,gene-HOXC13,HOXC13,anterior.sacral_vs_sacralized.caudal
171.755041573494,-0.028873375659417,-0.00550325117438626,0.1239499217883,-0.101856434128369,0.918870630574605,0.976759301492352,gene-GDF11,GDF11,anterior.sacral_vs_sacralized.caudal
40.863310963973,-1.10379592595451,-1.85523775624057e-06,0.00144269343639947,-1.42247810133896,0.154887504319244,0.999928957884558,gene-HOXA10-AS,HOXA10-AS,posterior.sacral_vs_sacralized.caudal_by_ENS
362.723722634889,-0.511121525505989,-3.38725999972178e-06,0.00144268762320791,-1.29774597577476,0.194374639395272,0.999928957884558,gene-HOXA1,HOXA1,posterior.sacral_vs_sacralized.caudal_by_ENS
607.148431517776,-0.239813519201237,-2.18275137794056e-06,0.00144268273352647,-0.711486517570505,0.476782802682607,0.999928957884558,gene-HOXA2,HOXA2,posterior.sacral_vs_sacralized.caudal_by_ENS
1070.31154800203,0.0548018706222077,2.3274578324446e-06,0.00144263500550701,0.349340324873741,0.726833828216544,0.999928957884558,gene-HOXA3,HOXA3,posterior.sacral_vs_sacralized.caudal_by_ENS
692.821447309334,0.193328590653682,3.9842569558028e-06,0.00144266460578457,0.910802514150977,0.362399437559596,0.999928957884558,gene-HOXA4,HOXA4,posterior.sacral_vs_sacralized.caudal_by_ENS
477.787551559964,-0.117248511996657,-1.28262681787071e-06,0.00144267943293017,-0.381824656486243,0.702591428697068,0.999928957884558,gene-HOXA5,HOXA5,posterior.sacral_vs_sacralized.caudal_by_ENS
177.625629561381,0.0372646283606844,6.72202016148393e-07,0.0014426693864448,0.154193612932649,0.87745707810699,0.999928957884558,gene-HOXA6,HOXA6,posterior.sacral_vs_sacralized.caudal_by_ENS
1224.72326165623,-0.0193673452958208,-1.94238020683743e-07,0.00144267977176803,-0.061773560344803,0.950743159052655,0.999928957884558,gene-HOXA7,HOXA7,posterior.sacral_vs_sacralized.caudal_by_ENS
2508.12319209078,-0.0806076646465077,-1.43230746597741e-06,0.00144266955135771,-0.334541272638543,0.737971152041636,0.999928957884558,gene-HOXA9,HOXA9,posterior.sacral_vs_sacralized.caudal_by_ENS
996.804027058147,0.550112227846964,1.10060602076338e-05,0.00144268783692743,2.42324499575344,0.0153825486803464,0.678527062947835,gene-HOXA10,HOXA10,posterior.sacral_vs_sacralized.caudal_by_ENS
925.34439619809,-1.00611917319034,-9.7730977229672e-07,0.00144269388428393,-0.998388347476232,0.318091081820873,0.999928957884558,gene-HOXA11,HOXA11,posterior.sacral_vs_sacralized.caudal_by_ENS
86.9214425475908,-4.35588080674869,-2.09263927634455e-06,0.00144269557614445,-3.75452797558448,0.00017366844828656,0.0783885969780319,gene-HOXA13,HOXA13,posterior.sacral_vs_sacralized.caudal_by_ENS
1369.92549897436,0.195630261614069,6.79470927266887e-06,0.00144265314999169,1.12987915303841,0.258527149374466,0.999928957884558,gene-HOXD3,HOXD3,posterior.sacral_vs_sacralized.caudal_by_ENS
19.5337668097453,0.695249930700325,1.92331063442262e-06,0.00144269176375519,1.13998560057677,0.254292300198899,0.999928957884558,gene-HOXD4,HOXD4,posterior.sacral_vs_sacralized.caudal_by_ENS
1102.28261197613,0.0935961724865586,1.13693172036383e-06,0.00144267793013021,0.31820254693006,0.75033130092768,0.999928957884558,gene-HOXD8,HOXD8,posterior.sacral_vs_sacralized.caudal_by_ENS
574.493468058763,0.575479899164122,8.3351871892156e-06,0.0014426808534359,2.44150221388085,0.0146262986529905,0.669812394139567,gene-HOXD9,HOXD9,posterior.sacral_vs_sacralized.caudal_by_ENS
953.893655196875,0.834075904699241,2.08465291788203e-06,0.00144269240065411,1.30443603119288,0.192084956813089,0.999928957884558,gene-HOXD10,HOXD10,posterior.sacral_vs_sacralized.caudal_by_ENS
577.889532313097,-2.02346660997839,-9.49547349436175e-07,0.00144269468638537,-1.469905554631,0.141587334976646,0.999928957884558,gene-HOXD11,HOXD11,posterior.sacral_vs_sacralized.caudal_by_ENS
207.049113003821,-3.98519488157305,-1.34765217816462e-06,0.00144269517847739,-2.83765567280966,0.00454461793253079,0.420377158759098,gene-HOXD12,HOXD12,posterior.sacral_vs_sacralized.caudal_by_ENS
116.993008706937,-2.34829013753202,-1.04086841401553e-06,0.00144269479379163,-1.68863624549543,0.0912891602260235,0.999928957884558,gene-HOXD13,HOXD13,posterior.sacral_vs_sacralized.caudal_by_ENS
362.819017992474,0.155625639114315,1.86225430655975e-06,0.00144267847707071,0.526957847698687,0.598222860859518,0.999928957884558,gene-HOXB8,HOXB8,posterior.sacral_vs_sacralized.caudal_by_ENS
35.1055152453252,0.173690185194661,5.56660102055827e-07,0.00144269051856522,0.3044191532971,0.760808577578312,0.999928957884558,gene-HOXB7,HOXB7,posterior.sacral_vs_sacralized.caudal_by_ENS
2524.91405008108,0.391992697799316,1.05439132852696e-05,0.00144267599400735,1.99735684537956,0.04578643222953,0.999928957884558,gene-HOXB6,HOXB6,posterior.sacral_vs_sacralized.caudal_by_ENS
1722.78738740599,0.0739946549987475,-3.24807276929083e-06,0.00144264993594613,0.410173615641833,0.681678594010531,0.999928957884558,gene-HOXB5,HOXB5,posterior.sacral_vs_sacralized.caudal_by_ENS
1635.08646076836,0.300430668272018,7.92280721685379e-06,0.00144266817660248,1.51353583018316,0.130143607006345,0.999928957884558,gene-HOXB3,HOXB3,posterior.sacral_vs_sacralized.caudal_by_ENS
976.827460535372,0.431431539271431,9.49858947335734e-06,0.00144267937071341,1.98980625605995,0.046612282022224,0.999928957884558,gene-HOXB4,HOXB4,posterior.sacral_vs_sacralized.caudal_by_ENS
131.877943640423,-0.216726791978779,-1.60693007027016e-06,0.00144268477115175,-0.580758177838036,0.561403445524923,0.999928957884558,gene-HOXB2,HOXB2,posterior.sacral_vs_sacralized.caudal_by_ENS
370.051832921262,-0.772969039754952,-5.18082067065239e-06,0.00144269042238079,-1.98461260766837,0.0471875885517333,0.999928957884558,gene-HOXB1,HOXB1,posterior.sacral_vs_sacralized.caudal_by_ENS
399.058790000999,-0.069420544559111,-4.60275008792395e-07,0.00144268534368979,-0.176803809799514,0.859662496414347,0.999928957884558,gene-HOXC8,HOXC8,posterior.sacral_vs_sacralized.caudal_by_ENS
649.333898790001,-0.0753712305247872,-4.21743181448679e-07,0.00144268676532317,-0.177307438181306,0.859266908539789,0.999928957884558,gene-HOXC9,HOXC9,posterior.sacral_vs_sacralized.caudal_by_ENS
2533.51764592367,0.746132070460313,9.99983929454392e-06,0.00144269388092352,2.70388841240641,0.00685332995662353,0.496381516433747,gene-HOXC10,HOXC10,posterior.sacral_vs_sacralized.caudal_by_ENS
400.465171960407,-1.92874532823113,-1.40028372541604e-06,0.00144269457893407,-1.72699659585875,0.0841682748448886,0.999928957884558,gene-HOXC11,HOXC11,posterior.sacral_vs_sacralized.caudal_by_ENS
427.900804653701,-7.0267282806047,-1.06587859448567e-06,0.00144269522022256,-4.16936585322063,3.0544833566112e-05,0.0293134949629781,gene-HOXC12,HOXC12,posterior.sacral_vs_sacralized.caudal_by_ENS
122.203449222597,-8.96948983366915,-5.82740336062579e-07,0.00144269509638498,-3.64837506581699,0.000263904181426717,0.0877707893476339,gene-HOXC13,HOXC13,posterior.sacral_vs_sacralized.caudal_by_ENS
171.755041573494,0.265531706025796,3.50323737463291e-06,0.00144267824565241,0.943906987535413,0.34521718098394,0.999928957884558,gene-GDF11,GDF11,posterior.sacral_vs_sacralized.caudal_by_ENS
35.1234176212237,-0.274957840428885,-1.10658944918878e-06,0.00144268943760845,-0.543486642250896,0.586794785444652,0.999928957884558,gene-HOXA1,HOXA1,posterior.sacral_vs_sacralized.caudal_by_ENS
2709.25179792689,-0.104752733511699,-1.00447551131517e-06,0.00144268122469069,-0.31989477575128,0.749048098300878,0.999928957884558,gene-HOXA2,HOXA2,posterior.sacral_vs_sacralized.caudal_by_ENS
12.9080343561027,-0.0105478675782726,-3.47675034695606e-09,0.00144269385780595,-0.0093477601655679,0.992541675104806,0.999928957884558,gene-HOXA3,HOXA3,posterior.sacral_vs_sacralized.caudal_by_ENS
1265.5012317118,-0.016372957551393,-3.58430876940348e-07,0.00144266247425943,-0.0762645764645656,0.939208607623533,0.999928957884558,gene-HOXA4,HOXA4,posterior.sacral_vs_sacralized.caudal_by_ENS
365.580991051659,0.113477664375516,6.69404308167949e-07,0.00144268674290773,0.268139978445249,0.788591573839947,0.999928957884558,gene-HOXA5,HOXA5,posterior.sacral_vs_sacralized.caudal_by_ENS
8.04734281924914,-0.513897671796493,-4.62819999402126e-07,0.00144269378729553,-0.480188367348896,0.631093457648619,0.999928957884558,gene-HOXA6,HOXA6,posterior.sacral_vs_sacralized.caudal_by_ENS
134.780579947467,0.599639579521057,4.10091861093691e-06,0.00144268832462993,1.54286675181165,0.122863109307882,0.999928957884558,gene-HOXA7,HOXA7,posterior.sacral_vs_sacralized.caudal_by_ENS
14.4903127333858,0.294586104495513,6.82314348252825e-07,0.00144269180661955,0.437162165975408,0.66199374568362,0.999928957884558,gene-HOXA9,HOXA9,posterior.sacral_vs_sacralized.caudal_by_ENS
1382.47516015338,-0.0579258378153289,-1.04759293132951e-06,0.00144266886420282,-0.242727114056557,0.808216801496616,0.999928957884558,gene-HOXA10,HOXA10,posterior.sacral_vs_sacralized.caudal_by_ENS
629.280454442749,0.208800451434938,3.23096315580163e-06,0.00144267467986442,0.803953910949787,0.421423593193287,0.999928957884558,gene-HOXA11,HOXA11,posterior.sacral_vs_sacralized.caudal_by_ENS
17.4938199394209,-0.046068256507347,-6.30419824438988e-08,0.00144269238982785,-0.0614179113107683,0.95102638812408,0.999928957884558,gene-HOXA13,HOXA13,posterior.sacral_vs_sacralized.caudal_by_ENS
171.7550416,0.265531706,3.5e-06,0.001442678,0.943906988,0.345217181,0.999928958,gene-GDF11,GDF11,posterior.sacral_vs_sacralized.caudal_by_SYMBOL_edited_MAIN
362.7237226,-0.511121526,-3.39e-06,0.001442688,-1.297745976,0.194374639,0.999928958,gene-HOXA1,HOXA1,posterior.sacral_vs_sacralized.caudal_by_SYMBOL_edited_MAIN
996.8040271,0.550112228,1.1e-05,0.001442688,2.423244996,0.015382549,0.678527063,gene-HOXA10,HOXA10,posterior.sacral_vs_sacralized.caudal_by_SYMBOL_edited_MAIN
595.6179854,-0.168036791,-2.55e-06,0.001442674,-0.643481553,0.519911681,0.999928958,gene-HOXA10-AS,HOXA10-AS,posterior.sacral_vs_sacralized.caudal_by_SYMBOL_edited_MAIN
925.3443962,-1.006119173,-9.77e-07,0.001442694,-0.998388347,0.318091082,0.999928958,gene-HOXA11,HOXA11,posterior.sacral_vs_sacralized.caudal_by_SYMBOL_edited_MAIN
86.92144255,-4.355880807,-2.09e-06,0.001442696,-3.754527976,0.000173668,0.078388597,gene-HOXA13,HOXA13,posterior.sacral_vs_sacralized.caudal_by_SYMBOL_edited_MAIN
607.1484315,-0.239813519,-2.18e-06,0.001442683,-0.711486518,0.476782803,0.999928958,gene-HOXA2,HOXA2,posterior.sacral_vs_sacralized.caudal_by_SYMBOL_edited_MAIN
1070.311548,0.054801871,2.33e-06,0.001442635,0.349340325,0.726833828,0.999928958,gene-HOXA3,HOXA3,posterior.sacral_vs_sacralized.caudal_by_SYMBOL_edited_MAIN
692.8214473,0.193328591,3.98e-06,0.001442665,0.910802514,0.362399438,0.999928958,gene-HOXA4,HOXA4,posterior.sacral_vs_sacralized.caudal_by_SYMBOL_edited_MAIN
477.7875516,-0.117248512,-1.28e-06,0.001442679,-0.381824656,0.702591429,0.999928958,gene-HOXA5,HOXA5,posterior.sacral_vs_sacralized.caudal_by_SYMBOL_edited_MAIN
177.6256296,0.037264628,6.72e-07,0.001442669,0.154193613,0.877457078,0.999928958,gene-HOXA6,HOXA6,posterior.sacral_vs_sacralized.caudal_by_SYMBOL_edited_MAIN
1224.723262,-0.019367345,-1.94e-07,0.00144268,-0.06177356,0.950743159,0.999928958,gene-HOXA7,HOXA7,posterior.sacral_vs_sacralized.caudal_by_SYMBOL_edited_MAIN
2508.123192,-0.080607665,-1.43e-06,0.00144267,-0.334541273,0.737971152,0.999928958,gene-HOXA9,HOXA9,posterior.sacral_vs_sacralized.caudal_by_SYMBOL_edited_MAIN
370.0518329,-0.77296904,-5.18e-06,0.00144269,-1.984612608,0.047187589,0.999928958,gene-HOXB1,HOXB1,posterior.sacral_vs_sacralized.caudal_by_SYMBOL_edited_MAIN
131.8779436,-0.216726792,-1.61e-06,0.001442685,-0.580758178,0.561403446,0.999928958,gene-HOXB2,HOXB2,posterior.sacral_vs_sacralized.caudal_by_SYMBOL_edited_MAIN
1635.086461,0.300430668,7.92e-06,0.001442668,1.51353583,0.130143607,0.999928958,gene-HOXB3,HOXB3,posterior.sacral_vs_sacralized.caudal_by_SYMBOL_edited_MAIN
976.8274605,0.431431539,9.5e-06,0.001442679,1.989806256,0.046612282,0.999928958,gene-HOXB4,HOXB4,posterior.sacral_vs_sacralized.caudal_by_SYMBOL_edited_MAIN
1722.787387,0.073994655,-3.25e-06,0.00144265,0.410173616,0.681678594,0.999928958,gene-HOXB5,HOXB5,posterior.sacral_vs_sacralized.caudal_by_SYMBOL_edited_MAIN
2524.91405,0.391992698,1.05e-05,0.001442676,1.997356845,0.045786432,0.999928958,gene-HOXB6,HOXB6,posterior.sacral_vs_sacralized.caudal_by_SYMBOL_edited_MAIN
35.10551525,0.173690185,5.57e-07,0.001442691,0.304419153,0.760808578,0.999928958,gene-HOXB7,HOXB7,posterior.sacral_vs_sacralized.caudal_by_SYMBOL_edited_MAIN
362.819018,0.155625639,1.86e-06,0.001442678,0.526957848,0.598222861,0.999928958,gene-HOXB8,HOXB8,posterior.sacral_vs_sacralized.caudal_by_SYMBOL_edited_MAIN
2533.517646,0.74613207,1e-05,0.001442694,2.703888412,0.00685333,0.496381516,gene-HOXC10,HOXC10,posterior.sacral_vs_sacralized.caudal_by_SYMBOL_edited_MAIN
400.465172,-1.928745328,-1.4e-06,0.001442695,-1.726996596,0.084168275,0.999928958,gene-HOXC11,HOXC11,posterior.sacral_vs_sacralized.caudal_by_SYMBOL_edited_MAIN
427.9008047,-7.026728281,-1.07e-06,0.001442695,-4.169365853,3.05e-05,0.029313495,gene-HOXC12,HOXC12,posterior.sacral_vs_sacralized.caudal_by_SYMBOL_edited_MAIN
122.2034492,-8.969489834,-5.83e-07,0.001442695,-3.648375066,0.000263904,0.087770789,gene-HOXC13,HOXC13,posterior.sacral_vs_sacralized.caudal_by_SYMBOL_edited_MAIN
399.05879,-0.069420545,-4.6e-07,0.001442685,-0.17680381,0.859662496,0.999928958,gene-HOXC8,HOXC8,posterior.sacral_vs_sacralized.caudal_by_SYMBOL_edited_MAIN
649.3338988,-0.075371231,-4.22e-07,0.001442687,-0.177307438,0.859266909,0.999928958,gene-HOXC9,HOXC9,posterior.sacral_vs_sacralized.caudal_by_SYMBOL_edited_MAIN
973.1910611,-0.189207853,-2.01e-06,0.00144268,-0.606977193,0.543866048,0.999928958,gene-HOXD1,HOXD1,posterior.sacral_vs_sacralized.caudal_by_SYMBOL_edited_MAIN
953.8936552,0.834075905,2.08e-06,0.001442692,1.304436031,0.192084957,0.999928958,gene-HOXD10,HOXD10,posterior.sacral_vs_sacralized.caudal_by_SYMBOL_edited_MAIN
577.8895323,-2.02346661,-9.5e-07,0.001442695,-1.469905555,0.141587335,0.999928958,gene-HOXD11,HOXD11,posterior.sacral_vs_sacralized.caudal_by_SYMBOL_edited_MAIN
207.049113,-3.985194882,-1.35e-06,0.001442695,-2.837655673,0.004544618,0.420377159,gene-HOXD12,HOXD12,posterior.sacral_vs_sacralized.caudal_by_SYMBOL_edited_MAIN
116.9930087,-2.348290138,-1.04e-06,0.001442695,-1.688636245,0.09128916,0.999928958,gene-HOXD13,HOXD13,posterior.sacral_vs_sacralized.caudal_by_SYMBOL_edited_MAIN
1369.925499,0.195630262,6.79e-06,0.001442653,1.129879153,0.258527149,0.999928958,gene-HOXD3,HOXD3,posterior.sacral_vs_sacralized.caudal_by_SYMBOL_edited_MAIN
19.53376681,0.695249931,1.92e-06,0.001442692,1.139985601,0.2542923,0.999928958,gene-HOXD4,HOXD4,posterior.sacral_vs_sacralized.caudal_by_SYMBOL_edited_MAIN
1102.282612,0.093596172,1.14e-06,0.001442678,0.318202547,0.750331301,0.999928958,gene-HOXD8,HOXD8,posterior.sacral_vs_sacralized.caudal_by_SYMBOL_edited_MAIN
574.4934681,0.575479899,8.34e-06,0.001442681,2.441502214,0.014626299,0.669812394,gene-HOXD9,HOXD9,posterior.sacral_vs_sacralized.caudal_by_SYMBOL_edited_MAIN
595.617985438692,-0.168036790823956,-2.54929426471187e-06,0.0014426742283026,-0.643481553003692,0.519911680769948,0.999928957884558,gene-HOXA10-AS,HOXA10-AS,posterior.sacral_vs_sacralized.caudal_by_SYMBOL
362.723722634889,-0.511121525505989,-3.38725999972178e-06,0.00144268762320791,-1.29774597577476,0.194374639395272,0.999928957884558,gene-HOXA1,HOXA1,posterior.sacral_vs_sacralized.caudal_by_SYMBOL
607.148431517776,-0.239813519201237,-2.18275137794056e-06,0.00144268273352647,-0.711486517570505,0.476782802682607,0.999928957884558,gene-HOXA2,HOXA2,posterior.sacral_vs_sacralized.caudal_by_SYMBOL
1070.31154800203,0.0548018706222077,2.3274578324446e-06,0.00144263500550701,0.349340324873741,0.726833828216544,0.999928957884558,gene-HOXA3,HOXA3,posterior.sacral_vs_sacralized.caudal_by_SYMBOL
692.821447309334,0.193328590653682,3.9842569558028e-06,0.00144266460578457,0.910802514150977,0.362399437559596,0.999928957884558,gene-HOXA4,HOXA4,posterior.sacral_vs_sacralized.caudal_by_SYMBOL
477.787551559964,-0.117248511996657,-1.28262681787071e-06,0.00144267943293017,-0.381824656486243,0.702591428697068,0.999928957884558,gene-HOXA5,HOXA5,posterior.sacral_vs_sacralized.caudal_by_SYMBOL
177.625629561381,0.0372646283606844,6.72202016148393e-07,0.0014426693864448,0.154193612932649,0.87745707810699,0.999928957884558,gene-HOXA6,HOXA6,posterior.sacral_vs_sacralized.caudal_by_SYMBOL
1224.72326165623,-0.0193673452958208,-1.94238020683743e-07,0.00144267977176803,-0.061773560344803,0.950743159052655,0.999928957884558,gene-HOXA7,HOXA7,posterior.sacral_vs_sacralized.caudal_by_SYMBOL
2508.12319209078,-0.0806076646465077,-1.43230746597741e-06,0.00144266955135771,-0.334541272638543,0.737971152041636,0.999928957884558,gene-HOXA9,HOXA9,posterior.sacral_vs_sacralized.caudal_by_SYMBOL
996.804027058147,0.550112227846964,1.10060602076338e-05,0.00144268783692743,2.42324499575344,0.0153825486803464,0.678527062947835,gene-HOXA10,HOXA10,posterior.sacral_vs_sacralized.caudal_by_SYMBOL
925.34439619809,-1.00611917319034,-9.7730977229672e-07,0.00144269388428393,-0.998388347476232,0.318091081820873,0.999928957884558,gene-HOXA11,HOXA11,posterior.sacral_vs_sacralized.caudal_by_SYMBOL
86.9214425475908,-4.35588080674869,-2.09263927634455e-06,0.00144269557614445,-3.75452797558448,0.00017366844828656,0.0783885969780319,gene-HOXA13,HOXA13,posterior.sacral_vs_sacralized.caudal_by_SYMBOL
973.191061067474,-0.189207853104018,-2.01403385841346e-06,0.00144268034775182,-0.606977193334326,0.543866047654648,0.999928957884558,gene-HOXD1,HOXD1,posterior.sacral_vs_sacralized.caudal_by_SYMBOL
1369.92549897436,0.195630261614069,6.79470927266887e-06,0.00144265314999169,1.12987915303841,0.258527149374466,0.999928957884558,gene-HOXD3,HOXD3,posterior.sacral_vs_sacralized.caudal_by_SYMBOL
19.5337668097453,0.695249930700325,1.92331063442262e-06,0.00144269176375519,1.13998560057677,0.254292300198899,0.999928957884558,gene-HOXD4,HOXD4,posterior.sacral_vs_sacralized.caudal_by_SYMBOL
1102.28261197613,0.0935961724865586,1.13693172036383e-06,0.00144267793013021,0.31820254693006,0.75033130092768,0.999928957884558,gene-HOXD8,HOXD8,posterior.sacral_vs_sacralized.caudal_by_SYMBOL
574.493468058763,0.575479899164122,8.3351871892156e-06,0.0014426808534359,2.44150221388085,0.0146262986529905,0.669812394139567,gene-HOXD9,HOXD9,posterior.sacral_vs_sacralized.caudal_by_SYMBOL
953.893655196875,0.834075904699241,2.08465291788203e-06,0.00144269240065411,1.30443603119288,0.192084956813089,0.999928957884558,gene-HOXD10,HOXD10,posterior.sacral_vs_sacralized.caudal_by_SYMBOL
577.889532313097,-2.02346660997839,-9.49547349436175e-07,0.00144269468638537,-1.469905554631,0.141587334976646,0.999928957884558,gene-HOXD11,HOXD11,posterior.sacral_vs_sacralized.caudal_by_SYMBOL
207.049113003821,-3.98519488157305,-1.34765217816462e-06,0.00144269517847739,-2.83765567280966,0.00454461793253079,0.420377158759098,gene-HOXD12,HOXD12,posterior.sacral_vs_sacralized.caudal_by_SYMBOL
116.993008706937,-2.34829013753202,-1.04086841401553e-06,0.00144269479379163,-1.68863624549543,0.0912891602260235,0.999928957884558,gene-HOXD13,HOXD13,posterior.sacral_vs_sacralized.caudal_by_SYMBOL
362.819017992474,0.155625639114315,1.86225430655975e-06,0.00144267847707071,0.526957847698687,0.598222860859518,0.999928957884558,gene-HOXB8,HOXB8,posterior.sacral_vs_sacralized.caudal_by_SYMBOL
35.1055152453252,0.173690185194661,5.56660102055827e-07,0.00144269051856522,0.3044191532971,0.760808577578312,0.999928957884558,gene-HOXB7,HOXB7,posterior.sacral_vs_sacralized.caudal_by_SYMBOL
2524.91405008108,0.391992697799316,1.05439132852696e-05,0.00144267599400735,1.99735684537956,0.04578643222953,0.999928957884558,gene-HOXB6,HOXB6,posterior.sacral_vs_sacralized.caudal_by_SYMBOL
1722.78738740599,0.0739946549987475,-3.24807276929083e-06,0.00144264993594613,0.410173615641833,0.681678594010531,0.999928957884558,gene-HOXB5,HOXB5,posterior.sacral_vs_sacralized.caudal_by_SYMBOL
1635.08646076836,0.300430668272018,7.92280721685379e-06,0.00144266817660248,1.51353583018316,0.130143607006345,0.999928957884558,gene-HOXB3,HOXB3,posterior.sacral_vs_sacralized.caudal_by_SYMBOL
976.827460535372,0.431431539271431,9.49858947335734e-06,0.00144267937071341,1.98980625605995,0.046612282022224,0.999928957884558,gene-HOXB4,HOXB4,posterior.sacral_vs_sacralized.caudal_by_SYMBOL
131.877943640423,-0.216726791978779,-1.60693007027016e-06,0.00144268477115175,-0.580758177838036,0.561403445524923,0.999928957884558,gene-HOXB2,HOXB2,posterior.sacral_vs_sacralized.caudal_by_SYMBOL
370.051832921262,-0.772969039754952,-5.18082067065239e-06,0.00144269042238079,-1.98461260766837,0.0471875885517333,0.999928957884558,gene-HOXB1,HOXB1,posterior.sacral_vs_sacralized.caudal_by_SYMBOL
399.058790000999,-0.069420544559111,-4.60275008792395e-07,0.00144268534368979,-0.176803809799514,0.859662496414347,0.999928957884558,gene-HOXC8,HOXC8,posterior.sacral_vs_sacralized.caudal_by_SYMBOL
649.333898790001,-0.0753712305247872,-4.21743181448679e-07,0.00144268676532317,-0.177307438181306,0.859266908539789,0.999928957884558,gene-HOXC9,HOXC9,posterior.sacral_vs_sacralized.caudal_by_SYMBOL
2533.51764592367,0.746132070460313,9.99983929454392e-06,0.00144269388092352,2.70388841240641,0.00685332995662353,0.496381516433747,gene-HOXC10,HOXC10,posterior.sacral_vs_sacralized.caudal_by_SYMBOL
400.465171960407,-1.92874532823113,-1.40028372541604e-06,0.00144269457893407,-1.72699659585875,0.0841682748448886,0.999928957884558,gene-HOXC11,HOXC11,posterior.sacral_vs_sacralized.caudal_by_SYMBOL
427.900804653701,-7.0267282806047,-1.06587859448567e-06,0.00144269522022256,-4.16936585322063,3.0544833566112e-05,0.0293134949629781,gene-HOXC12,HOXC12,posterior.sacral_vs_sacralized.caudal_by_SYMBOL
122.203449222597,-8.96948983366915,-5.82740336062579e-07,0.00144269509638498,-3.64837506581699,0.000263904181426717,0.0877707893476339,gene-HOXC13,HOXC13,posterior.sacral_vs_sacralized.caudal_by_SYMBOL
171.755041573494,0.265531706025796,3.50323737463291e-06,0.00144267824565241,0.943906987535413,0.34521718098394,0.999928957884558,gene-GDF11,GDF11,posterior.sacral_vs_sacralized.caudal_by_SYMBOL
595.617985438692,-0.168036790823956,-2.54929426471187e-06,0.0014426742283026,-0.643481553003692,0.519911680769948,0.999928957884558,gene-HOXA10-AS,HOXA10-AS,posterior.sacral_vs_sacralized.caudal
362.723722634889,-0.511121525505989,-3.38725999972178e-06,0.00144268762320791,-1.29774597577476,0.194374639395272,0.999928957884558,gene-HOXA1,HOXA1,posterior.sacral_vs_sacralized.caudal
607.148431517776,-0.239813519201237,-2.18275137794056e-06,0.00144268273352647,-0.711486517570505,0.476782802682607,0.999928957884558,gene-HOXA2,HOXA2,posterior.sacral_vs_sacralized.caudal
1070.31154800203,0.0548018706222077,2.3274578324446e-06,0.00144263500550701,0.349340324873741,0.726833828216544,0.999928957884558,gene-HOXA3,HOXA3,posterior.sacral_vs_sacralized.caudal
692.821447309334,0.193328590653682,3.9842569558028e-06,0.00144266460578457,0.910802514150977,0.362399437559596,0.999928957884558,gene-HOXA4,HOXA4,posterior.sacral_vs_sacralized.caudal
477.787551559964,-0.117248511996657,-1.28262681787071e-06,0.00144267943293017,-0.381824656486243,0.702591428697068,0.999928957884558,gene-HOXA5,HOXA5,posterior.sacral_vs_sacralized.caudal
177.625629561381,0.0372646283606844,6.72202016148393e-07,0.0014426693864448,0.154193612932649,0.87745707810699,0.999928957884558,gene-HOXA6,HOXA6,posterior.sacral_vs_sacralized.caudal
1224.72326165623,-0.0193673452958208,-1.94238020683743e-07,0.00144267977176803,-0.061773560344803,0.950743159052655,0.999928957884558,gene-HOXA7,HOXA7,posterior.sacral_vs_sacralized.caudal
2508.12319209078,-0.0806076646465077,-1.43230746597741e-06,0.00144266955135771,-0.334541272638543,0.737971152041636,0.999928957884558,gene-HOXA9,HOXA9,posterior.sacral_vs_sacralized.caudal
996.804027058147,0.550112227846964,1.10060602076338e-05,0.00144268783692743,2.42324499575344,0.0153825486803464,0.678527062947835,gene-HOXA10,HOXA10,posterior.sacral_vs_sacralized.caudal
925.34439619809,-1.00611917319034,-9.7730977229672e-07,0.00144269388428393,-0.998388347476232,0.318091081820873,0.999928957884558,gene-HOXA11,HOXA11,posterior.sacral_vs_sacralized.caudal
86.9214425475908,-4.35588080674869,-2.09263927634455e-06,0.00144269557614445,-3.75452797558448,0.00017366844828656,0.0783885969780319,gene-HOXA13,HOXA13,posterior.sacral_vs_sacralized.caudal
973.191061067474,-0.189207853104018,-2.01403385841346e-06,0.00144268034775182,-0.606977193334326,0.543866047654648,0.999928957884558,gene-HOXD1,HOXD1,posterior.sacral_vs_sacralized.caudal
1369.92549897436,0.195630261614069,6.79470927266887e-06,0.00144265314999169,1.12987915303841,0.258527149374466,0.999928957884558,gene-HOXD3,HOXD3,posterior.sacral_vs_sacralized.caudal
19.5337668097453,0.695249930700325,1.92331063442262e-06,0.00144269176375519,1.13998560057677,0.254292300198899,0.999928957884558,gene-HOXD4,HOXD4,posterior.sacral_vs_sacralized.caudal
1102.28261197613,0.0935961724865586,1.13693172036383e-06,0.00144267793013021,0.31820254693006,0.75033130092768,0.999928957884558,gene-HOXD8,HOXD8,posterior.sacral_vs_sacralized.caudal
574.493468058763,0.575479899164122,8.3351871892156e-06,0.0014426808534359,2.44150221388085,0.0146262986529905,0.669812394139567,gene-HOXD9,HOXD9,posterior.sacral_vs_sacralized.caudal
953.893655196875,0.834075904699241,2.08465291788203e-06,0.00144269240065411,1.30443603119288,0.192084956813089,0.999928957884558,gene-HOXD10,HOXD10,posterior.sacral_vs_sacralized.caudal
577.889532313097,-2.02346660997839,-9.49547349436175e-07,0.00144269468638537,-1.469905554631,0.141587334976646,0.999928957884558,gene-HOXD11,HOXD11,posterior.sacral_vs_sacralized.caudal
207.049113003821,-3.98519488157305,-1.34765217816462e-06,0.00144269517847739,-2.83765567280966,0.00454461793253079,0.420377158759098,gene-HOXD12,HOXD12,posterior.sacral_vs_sacralized.caudal
116.993008706937,-2.34829013753202,-1.04086841401553e-06,0.00144269479379163,-1.68863624549543,0.0912891602260235,0.999928957884558,gene-HOXD13,HOXD13,posterior.sacral_vs_sacralized.caudal
362.819017992474,0.155625639114315,1.86225430655975e-06,0.00144267847707071,0.526957847698687,0.598222860859518,0.999928957884558,gene-HOXB8,HOXB8,posterior.sacral_vs_sacralized.caudal
35.1055152453252,0.173690185194661,5.56660102055827e-07,0.00144269051856522,0.3044191532971,0.760808577578312,0.999928957884558,gene-HOXB7,HOXB7,posterior.sacral_vs_sacralized.caudal
2524.91405008108,0.391992697799316,1.05439132852696e-05,0.00144267599400735,1.99735684537956,0.04578643222953,0.999928957884558,gene-HOXB6,HOXB6,posterior.sacral_vs_sacralized.caudal
1722.78738740599,0.0739946549987475,-3.24807276929083e-06,0.00144264993594613,0.410173615641833,0.681678594010531,0.999928957884558,gene-HOXB5,HOXB5,posterior.sacral_vs_sacralized.caudal
1635.08646076836,0.300430668272018,7.92280721685379e-06,0.00144266817660248,1.51353583018316,0.130143607006345,0.999928957884558,gene-HOXB3,HOXB3,posterior.sacral_vs_sacralized.caudal
976.827460535372,0.431431539271431,9.49858947335734e-06,0.00144267937071341,1.98980625605995,0.046612282022224,0.999928957884558,gene-HOXB4,HOXB4,posterior.sacral_vs_sacralized.caudal
131.877943640423,-0.216726791978779,-1.60693007027016e-06,0.00144268477115175,-0.580758177838036,0.561403445524923,0.999928957884558,gene-HOXB2,HOXB2,posterior.sacral_vs_sacralized.caudal
370.051832921262,-0.772969039754952,-5.18082067065239e-06,0.00144269042238079,-1.98461260766837,0.0471875885517333,0.999928957884558,gene-HOXB1,HOXB1,posterior.sacral_vs_sacralized.caudal
399.058790000999,-0.069420544559111,-4.60275008792395e-07,0.00144268534368979,-0.176803809799514,0.859662496414347,0.999928957884558,gene-HOXC8,HOXC8,posterior.sacral_vs_sacralized.caudal
649.333898790001,-0.0753712305247872,-4.21743181448679e-07,0.00144268676532317,-0.177307438181306,0.859266908539789,0.999928957884558,gene-HOXC9,HOXC9,posterior.sacral_vs_sacralized.caudal
2533.51764592367,0.746132070460313,9.99983929454392e-06,0.00144269388092352,2.70388841240641,0.00685332995662353,0.496381516433747,gene-HOXC10,HOXC10,posterior.sacral_vs_sacralized.caudal
400.465171960407,-1.92874532823113,-1.40028372541604e-06,0.00144269457893407,-1.72699659585875,0.0841682748448886,0.999928957884558,gene-HOXC11,HOXC11,posterior.sacral_vs_sacralized.caudal
427.900804653701,-7.0267282806047,-1.06587859448567e-06,0.00144269522022256,-4.16936585322063,3.0544833566112e-05,0.0293134949629781,gene-HOXC12,HOXC12,posterior.sacral_vs_sacralized.caudal
122.203449222597,-8.96948983366915,-5.82740336062579e-07,0.00144269509638498,-3.64837506581699,0.000263904181426717,0.0877707893476339,gene-HOXC13,HOXC13,posterior.sacral_vs_sacralized.caudal
171.755041573494,0.265531706025796,3.50323737463291e-06,0.00144267824565241,0.943906987535413,0.34521718098394,0.999928957884558,gene-GDF11,GDF11,posterior.sacral_vs_sacralized.caudal
